g,g_pred,g_pred_res,gdbl,gdbl_pred,gdbl_pred_res,label,err_g,ci1_g,ci2_g,err_gdbl,ci1_gdbl,ci2_gdbl,SMILES
3.852842915801647,4.0743437500667525,0.2215008342651057,3.0388424256947286,2.9791510580685387,0.05969136762618987,train,1.8336121789808146e-06,0.38825114730266463,0.28549660621036566,5.3447169054976484e-06,0.38825114730266463,0.28549660621036566,O=C(N[C@@H](C)C(N[C@@H](C(C)C)C(O)=O)=O)COC1=CC2=CC=C(Br)C=C2C=C1
4.968178287388713,4.551703197064586,0.416475090324127,4.094956967529875,3.6207701546864945,0.47418681284338016,train,6.502559930510188e-07,0.37784802007096285,0.3718399278633422,4.469571198484346e-06,0.37784802007096285,0.3718399278633422,O=C(N[C@@H](C)C(N[C@@H](C(C)C)C(O)=O)=O)COC1=CC2=CC=C(Br)C=C2C=C1
5.285008829844267,4.953879813367946,0.33112901647632054,4.457396618950812,4.198132808828864,0.259263810121948,train,1.0737088107504178e-07,0.3977708306435952,0.48681605944937534,1.0152834315491077e-06,0.3977708306435952,0.48681605944937534,O=C(N[C@@H](C)C(N[C@@H](C(C)C)C(O)=O)=O)COC1=CC2=CC=C(Br)C=C2C=C1
3.574031267727719,3.9846694011131754,0.4106381333854565,2.271841606536499,2.900671434985947,0.6288298284494478,train,1.5322556317087788e-06,0.4601410661947609,0.38691436787360933,0.0001592953314091261,0.4601410661947609,0.38691436787360933,O=C(N[C@@H](C)C(O)=O)COC1=CC2=CC=C(OC)C=C2C=C1
3.598647229401053,4.000879392456005,0.4022321630549519,2.680734699489961,3.0715982888030315,0.39086358931307075,train,5.647917850737372e-06,0.2486755086074801,0.21910066404355266,3.4222666585481676e-05,0.2486755086074801,0.21910066404355266,O=C(N[C@@H](CC1=CC=CC=C1)C(N[C@@H](CC2=CC=CC=C2)C(O)=O)=O)COC3=CC4=CC=C(OC)C=C4C=C3
4.569378299361882,4.377174024628686,0.19220427473319646,3.691876822559332,3.436091681984609,0.2557851405747229,train,3.1567260654341567e-06,0.2923642651432701,0.28654588412128046,2.452573834066385e-05,0.2923642651432701,0.28654588412128046,O=C(N[C@@H](CC1=CC=CC=C1)C(N[C@@H](CC2=CC=CC=C2)C(O)=O)=O)COC3=CC4=CC=C(OC)C=C4C=C3
4.950464431504274,4.832940392238575,0.11752403926569954,4.097828954689146,4.045937331403568,0.05189162328557817,train,6.539456895993112e-07,0.3241887650627051,0.2849550193186481,3.518669408286712e-06,0.3241887650627051,0.2849550193186481,O=C(N[C@@H](CC1=CC=CC=C1)C(N[C@@H](CC2=CC=CC=C2)C(O)=O)=O)COC3=CC4=CC=C(OC)C=C4C=C3
4.3671461788450685,4.064684575595502,0.30246160324956683,3.2026517597573383,3.1437455693145653,0.05890619044277301,train,2.8690865097047435e-06,0.21208088009064952,0.25220989042304875,3.89016760795613e-05,0.21208088009064952,0.25220989042304875,O=C(N[C@@H](CC1=CC=CC=C1)C(N[C@@H](CC2=CC=CC=C2)C(O)=O)=O)COC3=CC4=CC=CC=C4C=C3OC
4.455339826,4.424375782777372,0.030964043222628135,3.289251619100441,3.4155136565159157,0.12626203741547481,train,2.9117447439830357e-06,0.26873066008660995,0.2804725065673175,3.7492778759418144e-05,0.26873066008660995,0.2804725065673175,O=C(N[C@@H](CC1=CC=CC=C1)C(N[C@@H](CC2=CC=CC=C2)C(O)=O)=O)COC3=CC4=CC=CC=C4C=C3OC
4.901776070163844,4.870064002608701,0.03171206755514344,3.729049024252247,3.920121666783454,0.19107264253120704,train,1.0217061188200205e-06,0.29404864456075863,0.3335404823551791,1.596096779010736e-05,0.29404864456075863,0.3335404823551791,O=C(N[C@@H](CC1=CC=CC=C1)C(N[C@@H](CC2=CC=CC=C2)C(O)=O)=O)COC3=CC4=CC=CC=C4C=C3OC
4.030161023725401,4.015555007568761,0.014606016156640145,2.5839197616869134,2.673780714031045,0.08986095234413138,train,2.2106756292217256e-06,0.25357059620092315,0.3237254664103757,6.202395286925011e-05,0.25357059620092315,0.3237254664103757,O=C(N[C@@H]([C@@H](CC)C)C(N[C@@H](CC1=CC=CC=C1)C(O)=O)=O)COC2=CC3=CC(OC)=CC=C3C=C2
4.4380523658232285,4.43890451092978,0.0008521451065517383,2.9192847569047653,3.007004611689897,0.08771985478513189,train,2.9512316590540877e-07,0.34954710437987213,0.3343825037382766,2.4915451330098648e-05,0.34954710437987213,0.3343825037382766,O=C(N[C@@H]([C@@H](CC)C)C(N[C@@H](CC1=CC=CC=C1)C(O)=O)=O)COC2=CC3=CC(OC)=CC=C3C=C2
4.923291129822527,5.039747902245338,0.11645677242281138,3.392065318340296,3.5800581205298654,0.18799280218956937,train,6.789490303305001e-08,0.4022732860746139,0.40673606222111314,1.2559175362802932e-05,0.4022732860746139,0.40673606222111314,O=C(N[C@@H]([C@@H](CC)C)C(N[C@@H](CC1=CC=CC=C1)C(O)=O)=O)COC2=CC3=CC(OC)=CC=C3C=C2
4.022402184047224,4.053504055215959,0.031101871168734974,3.2149699313836604,3.2696179799255916,0.05464804854193117,train,6.484558259245432e-07,0.21064488163506878,0.23774037046066443,4.2094406893511405e-06,0.21064488163506878,0.23774037046066443,O=C1OC2=CC=CC=C2C=C1OCC(N[C@@H](CC3=CC=CC=C3)C(N[C@@H](CC4=CC=CC=C4)C(O)=O)=O)=O
4.389166084364533,4.337768435869924,0.051397648494608816,3.665580991017953,3.6574607668074584,0.00812022421049452,train,2.9014573588170833e-07,0.49263659539362603,0.4060739517374694,1.974982777319667e-06,0.49263659539362603,0.4060739517374694,CSCCC(NC(=O)COc1ccc2cc(C(=O)c3ccccc3)ccc2c1)C(=O)NC(Cc1ccccc1)C(=O)NC(C)C(=O)O
4.779548393943521,4.363696088551573,0.4158523053919474,3.772932614557946,3.451564482423832,0.32136813213411397,train,6.393047389252615e-07,0.5755988025444401,0.6017206360874612,3.7397042822462367e-06,0.5755988025444401,0.6017206360874612,O=C(NCC(O)=O)[C@H](CC(C)C)NC(OCC1C2=CC=CC=C2C3=C1C=CC=C3)=O
5.079524926490232,4.721252218576185,0.35827270791404686,4.274888758335976,3.939723298038296,0.3351654602976799,train,3.361655691591636e-07,0.6785607996427201,0.5316081883493622,9.706962726951929e-07,0.6785607996427201,0.5316081883493622,O=C(NCC(O)=O)[C@H](CC(C)C)NC(OCC1C2=CC=CC=C2C3=C1C=CC=C3)=O
5.349291608096666,5.169495221998169,0.17979638609849768,4.620000189325905,4.49755977293368,0.12244041639222569,train,1.6714730133315925e-07,0.569701376292663,0.6922465390868808,6.835451120679181e-07,0.569701376292663,0.6922465390868808,O=C(NCC(O)=O)[C@H](CC(C)C)NC(OCC1C2=CC=CC=C2C3=C1C=CC=C3)=O
4.638136745156982,4.260385883247372,0.37775086190960927,3.6705697920093785,3.318096850580946,0.35247294142843266,train,1.8315778449462528e-06,0.3467273246296214,0.33647260869690765,1.6175018488606696e-05,0.3467273246296214,0.33647260869690765,O=C(N[C@@H](CC1=CC=CC=C1)C(N[C@@H](C(C)C)C(O)=O)=O)COC2=C(Br)C3=CC=CC=C3C=C2
4.7271049282617374,4.715325866707839,0.011779061553898629,4.086638935365712,3.9296240885836973,0.1570148467820145,train,5.491190080419983e-07,0.37646595241781,0.35806232158207774,2.885904361704661e-06,0.37646595241781,0.35806232158207774,O=C(N[C@@H](CC1=CC=CC=C1)C(N[C@@H](C(C)C)C(O)=O)=O)COC2=C(Br)C3=CC=CC=C3C=C2
5.358539125,5.18130796446437,0.17723116053563004,4.610088135778473,4.6274855191527955,0.017397383374322395,train,2.2000447685854851e-07,0.3683023956286151,0.42344528489740085,2.637611284939112e-07,0.3683023956286151,0.42344528489740085,O=C(N[C@@H](CC1=CC=CC=C1)C(N[C@@H](C(C)C)C(O)=O)=O)COC2=C(Br)C3=CC=CC=C3C=C2
3.780317312140151,3.9347492897975256,0.15443197765737438,2.403120521175818,2.9635922279431073,0.5604717067672893,train,4.3151431547983066e-06,0.39163471774301994,0.3327429298099389,9.269241899234615e-05,0.39163471774301994,0.3327429298099389,O=C(N[C@@H]([C@@H](CC)C)C(O)=O)CN1C(C=CC=C2)=C2C3=C1C=CC=C3
4.5820633629117085,4.342557877444767,0.23950548546694161,3.795880017344075,3.454115575933953,0.3417644414101222,train,7.834887760793663e-08,0.4079875332426801,0.49049760035904644,1.6077330298180925e-06,0.4079875332426801,0.49049760035904644,O=C(N[C@@H]([C@@H](CC)C)C(O)=O)CN1C(C=CC=C2)=C2C3=C1C=CC=C3
4.810904280668701,4.7178002410300675,0.09310403963863312,3.5289167002776547,3.696081642760238,0.16716494248258318,train,1.659507100626456e-07,0.44842052606367133,0.46875112622835413,1.4937506032097758e-06,0.44842052606367133,0.46875112622835413,O=C(N[C@@H]([C@@H](CC)C)C(O)=O)CN1C(C=CC=C2)=C2C3=C1C=CC=C3
4.278231973978944,4.356858790128919,0.07862681614997502,3.1972128277220966,3.4396682812572044,0.24245545353510778,train,3.895454591784642e-06,0.3450907278747577,0.40121741873132155,4.869586617894939e-05,0.3450907278747577,0.40121741873132155,OC([C@@H](CC1=CC=CC=C1)NC([C@@H](CC2=CC=CC=C2)NC(COC3=CC=CC4=C3CCCC4)=O)=O)=O
4.265371120104709,4.049779026931015,0.21559209317369454,3.414395554240306,3.2120940686232182,0.20230148561708772,train,1.1931112444685255e-06,0.2808830299543721,0.33070339495253354,9.265647793466059e-06,0.2808830299543721,0.33070339495253354,OC([C@@H](CC1=CC=CC=C1)NC([C@@H](CC2=CC=CC=C2)NC(COC3=CC=CC4=C3CCCC4)=O)=O)=O
4.643391744249448,4.730964264134842,0.08757251988539405,3.8091272417027646,3.8711117867771994,0.06198454507443474,train,2.943134651545165e-07,0.3517712353099016,0.516976508092597,4.978058177229627e-06,0.3517712353099016,0.516976508092597,OC([C@@H](CC1=CC=CC=C1)NC([C@@H](CC2=CC=CC=C2)NC(COC3=CC=CC4=C3CCCC4)=O)=O)=O
4.800204121273847,4.245059169199287,0.5551449520745599,3.002210379139102,3.0739232937504224,0.07171291461132023,train,1.7887347558698252e-06,0.3659400623868838,0.39296754105997067,4.494157559964407e-05,0.3659400623868838,0.39296754105997067,O=C(N[C@@H](C(C)C)C(NCC(O)=O)=O)COC1=C(Br)C2=CC=CC=C2C=C1
4.821205162758148,4.658095683252246,0.16310947950590204,3.684209307021527,3.635543752202595,0.048665554818931867,train,9.206004616402197e-07,0.40783424210879105,0.39293509463860143,6.33332211830151e-06,0.40783424210879105,0.39293509463860143,O=C(N[C@@H](C(C)C)C(NCC(O)=O)=O)COC1=C(Br)C2=CC=CC=C2C=C1
5.316513941746171,5.222285642616717,0.09422829912945474,4.055633124400194,4.117095423116891,0.061462298716696395,train,2.385800543791561e-07,0.3512934128025824,0.4617943527365789,1.2919747076622912e-06,0.3512934128025824,0.4617943527365789,O=C(N[C@@H](C(C)C)C(NCC(O)=O)=O)COC1=C(Br)C2=CC=CC=C2C=C1
3.5599066250361124,3.9080807660767887,0.34817414104067623,2.705007959333336,2.90601559110242,0.20100763176908387,train,6.033909942804172e-06,0.304498123169191,0.36553863013405863,4.291705897951914e-05,0.304498123169191,0.36553863013405863,O=C(N[C@@H](CC(C)C)C(N[C@@H]([C@H](C)CC)C(N[C@@H](CC1=CC=CC=C1)C(O)=O)=O)=O)COC2=CC3=CC=CC=C3C(Cl)=C2
4.075546961392531,4.242707659337729,0.1671606979451976,3.0863598306747484,3.3139032776832287,0.22754344700848028,train,1.7031944024026302e-06,0.38925312663271594,0.39227151454799714,1.645304763009392e-05,0.38925312663271594,0.39227151454799714,O=C(N[C@@H](CC(C)C)C(N[C@@H]([C@H](C)CC)C(N[C@@H](CC1=CC=CC=C1)C(O)=O)=O)=O)COC2=CC3=CC=CC=C3C(Cl)=C2
4.808210972924222,4.831679511236871,0.023468538312648946,3.766412847,3.88225786493435,0.1158450179343502,train,7.209721442080763e-08,0.4538637932688898,0.45491021760611616,2.530596381777883e-06,0.4538637932688898,0.45491021760611616,O=C(N[C@@H](CC(C)C)C(N[C@@H]([C@H](C)CC)C(N[C@@H](CC1=CC=CC=C1)C(O)=O)=O)=O)COC2=CC3=CC=CC=C3C(Cl)=C2
4.537499276,4.23454988997229,0.30294938602771015,3.599090700667044,3.372429050156739,0.22666165051030474,train,1.3814924555433095e-06,0.3611884127377474,0.42213692546647774,1.5540511291600723e-05,0.3611884127377474,0.42213692546647774,O=C(N[C@@H](CC1=CC=CC=C1)C(N[C@@H](CC(C)C)C(O)=O)=O)COC2=CC=CC3=CC=CC=C32
4.852665595221708,4.643815934096981,0.20884966112472725,3.9087413705054974,3.840543147978564,0.06819822252693353,train,5.392206094967378e-07,0.37499474376716435,0.5597097976236709,1.7011564206192986e-06,0.37499474376716435,0.5597097976236709,O=C(N[C@@H](CC1=CC=CC=C1)C(N[C@@H](CC(C)C)C(O)=O)=O)COC2=CC=CC3=CC=CC=C32
5.305807185,5.130124684646372,0.17568250035362798,4.456438337141138,4.3751498193314635,0.08128851780967405,train,2.92506014076821e-07,0.5084372836273383,0.4509809459257603,1.0195730331119535e-06,0.5084372836273383,0.4509809459257603,O=C(N[C@@H](CC1=CC=CC=C1)C(N[C@@H](CC(C)C)C(O)=O)=O)COC2=CC=CC3=CC=CC=C32
4.280654236216404,4.035831534013917,0.24482270220248736,3.894777439874626,3.2706351639112334,0.6241422759633926,train,1.7266206997490485e-06,0.24260805641292205,0.21157462367679347,1.5150234931926576e-05,0.24260805641292205,0.21157462367679347,O=C(N[C@@H](CC1=CC=CC=C1)C(N[C@@H](CC2=CC=CC=C2)C(O)=O)=O)COC3=CC4=CC=CC=C4C=C3
4.60618424,4.430471360398731,0.17571287960126902,4.069507765675419,3.739251011675732,0.330256753999687,train,6.938953038826412e-07,0.2336403275514316,0.2892311465426731,1.8648990707248458e-06,0.2336403275514316,0.2892311465426731,O=C(N[C@@H](CC1=CC=CC=C1)C(N[C@@H](CC2=CC=CC=C2)C(O)=O)=O)COC3=CC4=CC=CC=C4C=C3
5.231979026831504,4.885158757365602,0.34682026946590216,4.724234896490526,4.482876367085342,0.24135852940518454,train,2.876661131523406e-08,0.3354433430681496,0.27368713400213895,2.408445576307372e-07,0.3354433430681496,0.27368713400213895,O=C(N[C@@H](CC1=CC=CC=C1)C(N[C@@H](CC2=CC=CC=C2)C(O)=O)=O)COC3=CC4=CC=CC=C4C=C3
4.532845340277908,4.22301492872039,0.30983041155751767,3.3537422552745886,3.3259875044223923,0.027754750852196253,train,7.476942318618285e-07,0.5051164973539239,0.4907766212364537,1.5278191217493742e-05,0.5051164973539239,0.4907766212364537,O=C(N[C@@H](CC1=CC=CC=C1)C(O)=O)[C@H](CC2=CC=CC=C2)NC(OCC3C4=CC=CC=C4C5=C3C=CC=C5)=O
4.584927718154392,4.545299310194709,0.039628407959683365,3.5447912655564457,3.612457466336137,0.0676662007796911,train,4.7644097644905514e-07,0.48159592272643525,0.5042133593464424,5.498454801688979e-06,0.48159592272643525,0.5042133593464424,O=C(N[C@@H](CC1=CC=CC=C1)C(O)=O)[C@H](CC2=CC=CC=C2)NC(OCC3C4=CC=CC=C4C5=C3C=CC=C5)=O
5.1804334050909455,4.996222774194796,0.18421063089614975,4.184979302,4.109579952315843,0.07539934968415718,train,1.078575149193739e-07,0.5380064620908751,0.513623645187046,1.240389933876429e-06,0.5380064620908751,0.513623645187046,O=C(N[C@@H](CC1=CC=CC=C1)C(O)=O)[C@H](CC2=CC=CC=C2)NC(OCC3C4=CC=CC=C4C5=C3C=CC=C5)=O
3.387389826338729,4.060962379851376,0.6735725535126469,2.549003262025788,3.2183461487168015,0.6693428866910134,train,8.055524414629645e-06,0.5495713288234185,0.5406936849960005,7.680916532093462e-05,0.5495713288234185,0.5406936849960005,C[C@@H](C(NCC(O)=O)=O)NC(OCC1C(C=CC=C2)=C2C3=C1C=CC=C3)=O
4.63748973,4.552682198457772,0.08480753154222853,3.976808337338066,3.8259360202535975,0.15087231708446858,train,3.2025284646408636e-08,0.48172790205055716,0.5159445602393555,4.360531669078682e-08,0.48172790205055716,0.5159445602393555,C[C@@H](C(NCC(O)=O)=O)NC(OCC1C(C=CC=C2)=C2C3=C1C=CC=C3)=O
4.619093330626742,4.3556322867835675,0.2634610438431748,3.8727388274726686,3.742203537683848,0.13053528978882056,train,1.7845287114681696e-07,0.4635400964818306,0.583898775173898,1.8835963437879855e-06,0.4635400964818306,0.583898775173898,Cc1ccc(C(=O)NC(C)C(=O)NC(Cc2ccccc2)C(=O)NC(Cc2ccccc2)C(=O)O)c2ccccc12
3.9652921773031298,3.963323095722463,0.001969081580666554,2.285077002,2.703977725290749,0.4189007232907489,train,2.8635512201447e-06,0.44044512157506865,0.279787851819957,5.7437945157889914e-05,0.44044512157506865,0.279787851819957,O=C(COC1=CC2=CC=C(Br)C=C2C=C1)N[C@H](C(N[C@H](C(N[C@H](C(O)=O)CC(C)C)=O)C(C)C)=O)C
4.2689210289102135,4.658806694632559,0.3898856657223453,2.8556163552799463,3.3156461700740163,0.46002981479407,train,8.532752389101006e-07,0.42514626145486645,0.5620067644189284,1.2505825325970221e-05,0.42514626145486645,0.5620067644189284,O=C(COC1=CC2=CC=C(Br)C=C2C=C1)N[C@H](C(N[C@H](C(N[C@H](C(O)=O)CC(C)C)=O)C(C)C)=O)C
4.235107414815626,4.347043821253136,0.11193640643751035,3.359492918399317,3.246378310634917,0.11311460776440008,train,1.0075139496024121e-06,0.4598262391010399,0.40607112493306197,4.06453593981837e-06,0.4598262391010399,0.40607112493306197,O=C(COC1=CC2=CC=C(Br)C=C2C=C1)N[C@H](C(N[C@H](C(N[C@H](C(O)=O)CC(C)C)=O)C(C)C)=O)C
3.210835546848991,3.7012279415084244,0.4903923946594335,3.390318172,3.246405313779978,0.14391285822002198,train,5.303602077066927e-06,0.36612638459190805,0.44505457257111924,2.019660314100946e-05,0.36612638459190805,0.44505457257111924,O=C(N[C@@H](CC1=CC=CC=C1)C(O)=O)C(C=C2)=CC=C2/C=C/C3=CC=C(C(N[C@@H](CC4=CC=CC=C4)C(O)=O)=O)C=C3
3.771060975518516,3.914029662270505,0.14296868675198882,3.8150191947150702,3.655866466337473,0.15915272837759709,train,1.4206343719180836e-06,0.40136152167682404,0.4304781972033447,5.666388881220286e-06,0.40136152167682404,0.4304781972033447,O=C(N[C@@H](CC1=CC=CC=C1)C(O)=O)C(C=C2)=CC=C2/C=C/C3=CC=C(C(N[C@@H](CC4=CC=CC=C4)C(O)=O)=O)C=C3
4.355361046032338,4.256770295625947,0.09859075040639098,4.384331687757192,4.1610433120779575,0.22328837567923454,train,5.803525073844185e-07,0.5095755354441849,0.5816890752785371,2.4963813745060293e-06,0.5095755354441849,0.5816890752785371,O=C(N[C@@H](CC1=CC=CC=C1)C(O)=O)C(C=C2)=CC=C2/C=C/C3=CC=C(C(N[C@@H](CC4=CC=CC=C4)C(O)=O)=O)C=C3
3.5952807825851623,3.95249755631117,0.3572167737260079,2.7179095155006414,2.8692448179048213,0.15133530240417992,train,3.862274166710478e-06,0.36373907161397945,0.32830290135536044,1.870227948774783e-05,0.36373907161397945,0.32830290135536044,O=C(N[C@@H]([C@H](C)CC)C(N[C@@H](CC1=CC=CC=C1)C(O)=O)=O)COC2=CC=C(Cl)C3=CC=CC=C32
4.159328063336826,4.367749804570586,0.20842174123376012,3.262785642879541,3.333249371635042,0.070463728755501,train,1.924482531556748e-06,0.5052380324624859,0.38809257136604103,1.7110171612877423e-05,0.5052380324624859,0.38809257136604103,O=C(N[C@@H]([C@H](C)CC)C(N[C@@H](CC1=CC=CC=C1)C(O)=O)=O)COC2=CC=C(Cl)C3=CC=CC=C32
5.291270158473528,5.102695401080216,0.18857475739331253,4.257297548,4.068490177460578,0.18880737053942198,train,4.7251673684911566e-08,0.44685887100898647,0.5828317378365808,1.004428130002566e-06,0.44685887100898647,0.5828317378365808,O=C(N[C@@H]([C@H](C)CC)C(N[C@@H](CC1=CC=CC=C1)C(O)=O)=O)COC2=CC=C(Cl)C3=CC=CC=C32
3.5477747053878224,4.179345560849156,0.6315708554613337,2.9434945159061026,3.003034985462075,0.059540469555972475,train,7.223517598298201e-06,0.275175249250005,0.31462210503601806,3.093542487997425e-05,0.275175249250005,0.31462210503601806,O=C(N[C@@H](C(C)C)C(NCC(O)=O)=O)COC1=CC2=CC=CC=C2C=C1
4.4623979978989565,4.629654200603603,0.16725620270464692,3.837588438235511,3.5775185261689475,0.2600699120665637,train,2.615517509241272e-07,0.3937727006906373,0.3115435859266995,6.458174448553677e-07,0.3937727006906373,0.3115435859266995,O=C(N[C@@H](C(C)C)C(NCC(O)=O)=O)COC1=CC2=CC=CC=C2C=C1
5.278753600952829,5.170797775522354,0.10795582543047466,4.713490543093942,4.314047420564326,0.39944312252961645,train,3.556249961178537e-08,0.47830622193164896,0.4309858207727455,1.3574955559647606e-07,0.47830622193164896,0.4309858207727455,O=C(N[C@@H](C(C)C)C(NCC(O)=O)=O)COC1=CC2=CC=CC=C2C=C1
3.518553818124794,4.033071296499717,0.5145174783749229,3.692536854496309,3.3847233008007187,0.30781355369559016,train,4.577037451269916e-06,0.2567860105048805,0.3001680946150467,1.6663239380765305e-05,0.2567860105048805,0.3001680946150467,O=C(N[C@@H](CC(C)C)C(N[C@@H](CC1=CC=CC=C1)C(N[C@@H](CC2=CC=CC=C2)C(O)=O)=O)=O)COC3=C(Br)C4=CC=CC=C4C=C3
3.74417704,4.323950845033494,0.579773805033494,4.113536705781286,3.9462180088652175,0.16731869691606827,train,1.633080247032126e-06,0.44783018463478985,0.3443840074672737,4.051154661510736e-06,0.44783018463478985,0.3443840074672737,O=C(N[C@@H](CC(C)C)C(N[C@@H](CC1=CC=CC=C1)C(N[C@@H](CC2=CC=CC=C2)C(O)=O)=O)=O)COC3=C(Br)C4=CC=CC=C4C=C3
4.274483507134471,4.7511279189760165,0.47664441184154516,4.626975479484536,4.515881898936815,0.11109358054772134,train,9.95794297686814e-07,0.42526533331029626,0.4840043977892723,3.0740648249150127e-07,0.42526533331029626,0.4840043977892723,O=C(N[C@@H](CC(C)C)C(N[C@@H](CC1=CC=CC=C1)C(N[C@@H](CC2=CC=CC=C2)C(O)=O)=O)=O)COC3=C(Br)C4=CC=CC=C4C=C3
3.961939371699152,4.084942428003808,0.12300305630465624,2.8910932913427727,3.333632593187329,0.4425393018445565,train,3.1537694598071653e-06,0.2879303286160919,0.2470368281286861,4.429427961127885e-05,0.2879303286160919,0.2470368281286861,O=C(N[C@@H](CC1=CC=CC=C1)C(N[C@@H](CC2=CC=CC=C2)C(O)=O)=O)COC3=C(Br)C4=CC=CC=C4C=C3
4.692222484286188,4.440822149237956,0.2514003350482321,3.6655158475882166,3.7759708811639845,0.11045503357576791,train,4.144747114409597e-07,0.2598747553136036,0.3178835639380404,2.7289319803891487e-06,0.2598747553136036,0.3178835639380404,O=C(N[C@@H](CC1=CC=CC=C1)C(N[C@@H](CC2=CC=CC=C2)C(O)=O)=O)COC3=C(Br)C4=CC=CC=C4C=C3
5.210586024905156,4.924294706356453,0.28629131854870327,4.226788874460549,4.308667991522106,0.0818791170615567,train,5.752368270606212e-08,0.38534850195464543,0.31913808981049474,4.944709344201215e-07,0.38534850195464543,0.31913808981049474,O=C(N[C@@H](CC1=CC=CC=C1)C(N[C@@H](CC2=CC=CC=C2)C(O)=O)=O)COC3=C(Br)C4=CC=CC=C4C=C3
3.8318697742805017,3.992966270272778,0.16109649599227627,2.8394780473741985,2.907493640674917,0.06801559330071827,train,1.450577093109473e-06,0.30330425385544624,0.3026250771737291,3.257799896339009e-05,0.30330425385544624,0.3026250771737291,O=C(N[C@@H](CC1=CC=CC=C1)C(N[C@@H]([C@@H](CC)C)C(N[C@@H](CC2=CC=CC=C2)C(O)=O)=O)=O)COC3=CC=C(C(F)(F)F)C=C3
4.350248018334163,4.393493961612525,0.04324594327836184,3.357934847000454,3.37655055970057,0.01861571270011586,train,1.5757991107534508e-06,0.3272896794415203,0.35990804339595606,2.681668939708004e-05,0.3272896794415203,0.35990804339595606,O=C(N[C@@H](CC1=CC=CC=C1)C(N[C@@H]([C@@H](CC)C)C(N[C@@H](CC2=CC=CC=C2)C(O)=O)=O)=O)COC3=CC=C(C(F)(F)F)C=C3
5.442479769064448,5.109326962564089,0.33315280650035906,4.294466226161593,4.0918378580167625,0.20262836814483087,train,1.2044705854918902e-07,0.48312311364736793,0.4560805603347857,1.259603093828332e-06,0.48312311364736793,0.4560805603347857,O=C(N[C@@H](CC1=CC=CC=C1)C(N[C@@H]([C@@H](CC)C)C(N[C@@H](CC2=CC=CC=C2)C(O)=O)=O)=O)COC3=CC=C(C(F)(F)F)C=C3
3.286814545424458,3.7232573407709286,0.43644279534647046,3.314920056,3.1140972923694994,0.20082276363050067,train,7.139443791714939e-06,0.4962871762900831,0.37919623824785686,1.1074792069187822e-05,0.4962871762900831,0.37919623824785686,OC(C(C)NC(CN1C(C=CC=C2)=C2C3=C1C=CC=C3)=O)=O
3.732878101163689,3.936596320877588,0.20371821971389892,3.657389773435924,3.455200537316914,0.20218923611900985,train,3.895333866577033e-06,0.3673298556798117,0.4491325580741816,2.682404155684992e-06,0.3673298556798117,0.4491325580741816,OC(C(C)NC(CN1C(C=CC=C2)=C2C3=C1C=CC=C3)=O)=O
4.317337745102256,4.248847914928631,0.06848983017362453,4.0565583861825285,3.85133104501775,0.20522734116477848,train,8.333193530773997e-07,0.41159362206269323,0.45804880063014597,1.4033644291089331e-06,0.41159362206269323,0.45804880063014597,OC(C(C)NC(CN1C(C=CC=C2)=C2C3=C1C=CC=C3)=O)=O
4.906295126853184,4.308080144885787,0.5982149819673968,2.388003883115084,2.8056814873414155,0.4176776042263315,train,4.593164888433421e-07,0.3405426191411487,0.34916693093807893,5.549056854903256e-05,0.3405426191411487,0.34916693093807893,O=C(N[C@@H](C(C)C)C(N[C@@H](C(C)C)C(N[C@@H](C(C)C)C(O)=O)=O)=O)COC1=CC2=CC=CC=C2C=C1
5.438964045176727,4.861266178087724,0.577697867089003,2.9130935075411606,3.2534826396502448,0.34038913210908417,train,2.3198167919957768e-07,0.44524465665883195,0.3745209953941595,3.289202768463895e-05,0.44524465665883195,0.3745209953941595,O=C(N[C@@H](C(C)C)C(N[C@@H](C(C)C)C(N[C@@H](C(C)C)C(O)=O)=O)=O)COC1=CC2=CC=CC=C2C=C1
5.763677516372724,5.349922337180672,0.4137551791920515,3.595710498793891,3.8750465959486493,0.27933609715475827,train,5.857334173242634e-08,0.5060527125029131,0.3986229224166822,4.407847482124083e-06,0.5060527125029131,0.3986229224166822,O=C(N[C@@H](C(C)C)C(N[C@@H](C(C)C)C(N[C@@H](C(C)C)C(O)=O)=O)=O)COC1=CC2=CC=CC=C2C=C1
4.021189299069938,4.20579185527716,0.18460255620722155,3.133538908370217,3.2393081654792293,0.1057692571090123,train,2.3686571113401556e-06,0.2726326071628109,0.284732813157885,8.561121865202637e-06,0.2726326071628109,0.284732813157885,O=C(N[C@@H](C(C)C)C(O)=O)[C@H](CC1=CC=CC=C1)NC(COC2=CC(C=CC=C3)=C3C=C2)=O
4.526339277389844,4.694123039757706,0.1677837623678622,3.5390760987927767,3.857444936633764,0.31836883784098724,train,6.373568917084071e-07,0.34201137460463027,0.3350334367585228,4.908317160712272e-06,0.34201137460463027,0.3350334367585228,O=C(N[C@@H](C(C)C)C(O)=O)[C@H](CC1=CC=CC=C1)NC(COC2=CC(C=CC=C3)=C3C=C2)=O
4.338456493604605,5.115868053207314,0.7774115596027089,5.340444114840119,4.818971660634659,0.5214724542054601,train,5.942736391872927e-07,0.33973755271358996,0.36990599994563844,1.208814417452686e-07,0.33973755271358996,0.36990599994563844,O=C(N[C@@H](C(C)C)C(O)=O)[C@H](CC1=CC=CC=C1)NC(COC2=CC(C=CC=C3)=C3C=C2)=O
3.060571941,3.520714979083125,0.46014303808312507,2.253661013,2.645503254851158,0.39184224185115824,train,2.7768454860410685e-05,0.4230539904772552,0.44341334913289776,0.00018473522610795712,0.4230539904772552,0.44341334913289776,O=C(NCC(O)=O)C1=CC=C(C2OC[C@H](OC(C3=CC=C(C(NCC(O)=O)=O)C=C3)OC4)[C@H]4O2)C=C1
3.700991997,3.6756716952871558,0.025320301712844273,2.635148517,2.76659341900233,0.13144490200232983,train,1.7228573767624766e-06,0.3939906059393281,0.4497678995699297,2.1104319503084668e-05,0.3939906059393281,0.4497678995699297,O=C(NCC(O)=O)C1=CC=C(C2OC[C@H](OC(C3=CC=C(C(NCC(O)=O)=O)C=C3)OC4)[C@H]4O2)C=C1
4.156650091,4.01563586084622,0.14101423015378067,3.196544621,3.1599088691911192,0.0366357518088809,train,3.885625448063479e-07,0.49801873187448154,0.619415872758843,7.3243633882391634e-06,0.49801873187448154,0.619415872758843,O=C(NCC(O)=O)C1=CC=C(C2OC[C@H](OC(C3=CC=C(C(NCC(O)=O)=O)C=C3)OC4)[C@H]4O2)C=C1
3.06069784,3.5759897334478046,0.5152918934478046,2.221848758,2.6760803438103866,0.4542315858103865,train,7.754302560947224e-06,0.3811441196336838,0.40912111278825813,4.984546951636304e-05,0.3811441196336838,0.40912111278825813,OC(C1=CC=C(C2OC[C@H](OC(C3=CC=C(C(O)=O)C=C3)OC4)[C@H]4O2)C=C1)=O
3.624969271,3.7100013772331777,0.0850321062331778,2.729974286,2.7774767647031853,0.04750247870318525,train,1.7599129558121263e-06,0.38557866739619495,0.3930207771437737,3.327072211689597e-05,0.38557866739619495,0.3930207771437737,OC(C1=CC=C(C2OC[C@H](OC(C3=CC=C(C(O)=O)C=C3)OC4)[C@H]4O2)C=C1)=O
4.092252655,3.9471509642095812,0.145101690790419,3.207724106,3.0665798146153036,0.14114429138469653,train,7.060408151460251e-07,0.5344651754456926,0.4420078227266,1.6616095765975558e-06,0.5344651754456926,0.4420078227266,OC(C1=CC=C(C2OC[C@H](OC(C3=CC=C(C(O)=O)C=C3)OC4)[C@H]4O2)C=C1)=O
3.429016171550088,4.190752582078992,0.7617364105289037,2.5861620505040293,3.0238621863064012,0.437700135802372,test,1.3391645499183369e-06,0.41446729608415556,0.3284370922072144,2.85428535344856e-05,0.41446729608415556,0.3284370922072144,O=C(N[C@@H](C(C)C)C(N[C@@H](CC1=CC=CC=C1)C(O)=O)=O)COC2=C(Br)C3=CC=CC=C3C=C2
4.324176890179396,4.643099689269312,0.3189227990899157,3.5292624961189403,3.5344945790994067,0.0052320829804664015,test,8.370577830874026e-07,0.39733922692161716,0.3868935067646211,5.6934984780099285e-06,0.39733922692161716,0.3868935067646211,O=C(N[C@@H](C(C)C)C(N[C@@H](CC1=CC=CC=C1)C(O)=O)=O)COC2=C(Br)C3=CC=CC=C3C=C2
4.904985881099363,5.242997097256865,0.3380112161575015,4.061429630524905,3.9780997749506786,0.08332985557422612,test,3.4393514436459327e-07,0.5332011850280134,0.5470497343840384,3.117127503671213e-06,0.5332011850280134,0.5470497343840384,O=C(N[C@@H](C(C)C)C(N[C@@H](CC1=CC=CC=C1)C(O)=O)=O)COC2=C(Br)C3=CC=CC=C3C=C2
4.250458728426681,4.2406283164783,0.00983041194838119,3.3233339647021447,3.3654448135215267,0.042110848819381985,test,3.704638266377458e-06,0.3228104091825954,0.43272098625486155,2.8360034205476836e-05,0.3228104091825954,0.43272098625486155,O=C(N[C@@H](CC1=CC=CC=C1)C(N[C@@H](CC2=CC=CC=C2)C(O)=O)=O)COC3=CC=CC4=CC=CC=C43
4.753542206252145,4.670254287619249,0.08328791863289542,3.8691925921438086,3.7485830810488867,0.1206095110949219,test,2.395738132321412e-07,0.40143309728943244,0.49850035954003324,6.358968684949673e-07,0.40143309728943244,0.49850035954003324,O=C(N[C@@H](CC1=CC=CC=C1)C(N[C@@H](CC2=CC=CC=C2)C(O)=O)=O)COC3=CC=CC4=CC=CC=C43
5.086701436210376,5.180904457498053,0.09420302128767677,4.2943559851451605,4.31606737146513,0.021711386319969606,test,2.537568546401303e-07,0.5435252155992298,0.578015502992872,2.0004768366277403e-06,0.5435252155992298,0.578015502992872,O=C(N[C@@H](CC1=CC=CC=C1)C(N[C@@H](CC2=CC=CC=C2)C(O)=O)=O)COC3=CC=CC4=CC=CC=C43
3.864594744,4.084292642074167,0.21969789807416662,3.2297277747834507,2.925404663400727,0.3043231113827236,test,7.089705078566766e-06,0.32621034880157573,0.4111956105742971,1.602470854944471e-05,0.32621034880157573,0.4111956105742971,O=C(N[C@@H](CC1=CC=CC=C1)C(N[C@@H]([C@H](C)CC)C(O)=O)=O)COC2=CC3=CC=C(OC)C=C3C=C2
4.515156047017547,4.534792748440178,0.01963670142263041,3.435547092535797,3.4115274634367,0.02401962909909683,test,7.816421891959635e-07,0.4441692504730961,0.49182175548481055,9.916781174013067e-06,0.4441692504730961,0.49182175548481055,O=C(N[C@@H](CC1=CC=CC=C1)C(N[C@@H]([C@H](C)CC)C(O)=O)=O)COC2=CC3=CC=C(OC)C=C3C=C2
4.994533613876213,4.987437277179978,0.007096336696234218,3.3190018994623163,4.069592820306846,0.7505909208445294,test,5.366885602597904e-08,0.565210786771476,0.5236405225432863,1.0996566247811757e-05,0.565210786771476,0.5236405225432863,O=C(N[C@@H](CC1=CC=CC=C1)C(N[C@@H]([C@H](C)CC)C(O)=O)=O)COC2=CC3=CC=C(OC)C=C3C=C2
4.107209969647869,4.228842545191585,0.12163257554371665,3.250420002308894,3.324477243305523,0.07405724099662914,test,2.395907899632732e-06,0.5784861027136081,0.6249180784895465,9.502149274531746e-06,0.5784861027136081,0.6249180784895465,O=C(N[C@H](C)C(O)=O)[C@H](CC1=CC=CC=C1)NC(OCC2C(C=CC=C3)=C3C4=C2C=CC=C4)=O
4.607455023214668,4.517903910201077,0.08955111301359153,3.8041394323353503,3.61995534835063,0.1841840839847202,test,7.238012829091645e-07,0.6921195056836265,0.5665239598046039,4.992783882773466e-06,0.6921195056836265,0.5665239598046039,O=C(N[C@H](C)C(O)=O)[C@H](CC1=CC=CC=C1)NC(OCC2C(C=CC=C3)=C3C4=C2C=CC=C4)=O
4.681241237375588,4.938187785640205,0.2569465482646178,3.880241776,4.2070792103859675,0.32683743438596746,test,4.019522323872593e-07,0.7111275516776976,0.7648330032096275,1.1921590319374786e-06,0.7111275516776976,0.7648330032096275,O=C(N[C@H](C)C(O)=O)[C@H](CC1=CC=CC=C1)NC(OCC2C(C=CC=C3)=C3C4=C2C=CC=C4)=O
4.147447296083413,4.1178016374977835,0.029645658585629064,3.186370272357005,3.3545747222003683,0.16820444984336325,test,1.2939045159754414e-06,0.4739305711934638,0.5812114466487053,2.7015543520914065e-05,0.4739305711934638,0.5812114466487053,OC([C@H](CC1=CNC2=C1C=CC=C2)NC([C@H](CC3=CC=CC=C3)NC(OC(C)(C)C)=O)=O)=O
4.693954814000337,4.427920880331534,0.2660339336688029,3.711119559344104,3.6942256190630953,0.016893940281008657,test,5.800766711416827e-07,0.5151623587583107,0.540096078763689,4.585194784745283e-06,0.5151623587583107,0.540096078763689,OC([C@H](CC1=CNC2=C1C=CC=C2)NC([C@H](CC3=CC=CC=C3)NC(OC(C)(C)C)=O)=O)=O
5.202205678405202,4.812279018629336,0.3899266597758668,4.1087153231424365,4.136205101201653,0.027489778059216263,test,1.7316459199889778e-07,0.5651015667872707,0.6923791029651394,6.894943007651477e-07,0.5651015667872707,0.6923791029651394,OC([C@H](CC1=CNC2=C1C=CC=C2)NC([C@H](CC3=CC=CC=C3)NC(OC(C)(C)C)=O)=O)=O
